id,name,email,gender,active
4269,Deb Chopra,deb_chopra@haag.info,female,True
4267,Dayaamay Agarwal,agarwal_dayaamay@lubowitz-steuber.info,male,True
4266,Gurdev Verma,verma_gurdev@deckow.info,male,True
4264,Chandrabhan Varrier,varrier_chandrabhan@buckridge.org,male,False
4263,Gov. Aasa Johar,gov_aasa_johar@jaskolski.name,female,True
4260,Chitrali Ahuja,chitrali_ahuja@schulist-mitchell.io,male,False
4259,Jay Panicker,jay_panicker@cartwright-wisozk.co,male,False
4257,Chidaakaash Asan,chidaakaash_asan@hammes.info,female,True
4256,Giri Saini,giri_saini@becker.org,female,True
4254,Brahmdev Khanna,brahmdev_khanna@sawayn.org,female,True
4253,Sitara Pilla,pilla_sitara@rempel.info,female,False
4252,Rep. Chandra Malik,rep_malik_chandra@goyette-dickens.net,female,False
4251,Dhananjay Johar,dhananjay_johar@ritchie.name,male,False
4250,Ameyatma Kocchar,kocchar_ameyatma@borer-dicki.biz,female,False
4247,Chandira Singh,chandira_singh@hoeger.name,female,False
4246,Sweta Namboothiri,namboothiri_sweta@kessler.co,female,False
4245,Charak Khatri,khatri_charak@berge.biz,male,True
4244,Sarala Mehrotra,sarala_mehrotra@schuppe.name,female,True
4242,Som Mukhopadhyay,som_mukhopadhyay@shanahan-spinka.org,female,True
4241,Sen. Shakti Rana,sen_shakti_rana@wuckert.name,male,True
